"municipio";"cod_ibge";"nome_meso";"nome_micro";"count"
"ABARE";"2900207";"Vale São-Franciscano da Bahia";"Paulo Afonso";"1439"
"ACAJUTIBA";"2900306";"Nordeste Baiano";"Alagoinhas";"1384"
"ADUSTINA";"2900355";"Nordeste Baiano";"Ribeira do Pombal";"1677"
"AGUA FRIA";"2900405";"Centro Norte Baiano";"Feira de Santana";"436"
"AIQUARA";"2900603";"Centro Sul Baiano";"Jequié";"145"
"ALCOBACA";"2900801";"Sul Baiano";"Porto Seguro";"3576"
"ALMADINA";"2900900";"Sul Baiano";"Ilhéus-Itabuna";"411"
"AMARGOSA";"2901007";"Centro Sul Baiano";"Jequié";"6283"
"AMELIA RODRIGUES";"2901106";"Metropolitana de Salvador";"Catu";"3202"
"AMERICA DOURADA";"2901155";"Centro Norte Baiano";"Irecê";"1463"
"ANAGE";"2901205";"Centro Sul Baiano";"Vitória da Conquista";"140"
"ANDARAI";"2901304";"Centro Sul Baiano";"Seabra";"994"
"ANDORINHA";"2901353";"Centro Norte Baiano";"Senhor do Bonfim";"1628"
"ANGICAL";"2901403";"Extremo Oeste Baiano";"Cotegipe";"792"
"ANGUERA";"2901502";"Centro Norte Baiano";"Feira de Santana";"1364"
"ANTAS";"2901601";"Nordeste Baiano";"Ribeira do Pombal";"1438"
"ANTONIO CARDOSO";"2901700";"Centro Norte Baiano";"Feira de Santana";"1281"
"ANTONIO GONCALVES";"2901809";"Centro Norte Baiano";"Senhor do Bonfim";"999"
"APORA";"2901908";"Nordeste Baiano";"Alagoinhas";"2645"
"APUAREMA";"2901957";"Centro Sul Baiano";"Jequié";"285"
"ARACATU";"2902005";"Centro Sul Baiano";"Brumado";"602"
"ARACI";"2902104";"Nordeste Baiano";"Serrinha";"6060"
"ARAMARI";"2902203";"Nordeste Baiano";"Alagoinhas";"836"
"ARATACA";"2902252";"Sul Baiano";"Ilhéus-Itabuna";"82"
"ARATUIPE";"2902302";"Metropolitana de Salvador";"Santo Antônio de Jesus";"573"
"AURELINO LEAL";"2902401";"Sul Baiano";"Ilhéus-Itabuna";"3320"
"BAIANOPOLIS";"2902500";"Extremo Oeste Baiano";"Barreiras";"85"
"BAIXA GRANDE";"2902609";"Centro Norte Baiano";"Itaberaba";"2092"
"BANZAE";"2902658";"Nordeste Baiano";"Ribeira do Pombal";"742"
"BARRA DA ESTIVA";"2902807";"Centro Sul Baiano";"Seabra";"81"
"BARRA DO CHOCA";"2902906";"Centro Sul Baiano";"Vitória da Conquista";"2956"
"BARRA DO MENDES";"2903003";"Centro Norte Baiano";"Irecê";"1551"
"BARRA DO ROCHA";"2903102";"Sul Baiano";"Ilhéus-Itabuna";"783"
"BARREIRAS";"2903201";"Extremo Oeste Baiano";"Barreiras";"70902"
"BARRO ALTO";"2903235";"Centro Norte Baiano";"Irecê";"1716"
"BARROCAS";"2903276";"Nordeste Baiano";"Serrinha";"3155"
"BELMONTE";"2903409";"Sul Baiano";"Ilhéus-Itabuna";"1924"
"BELO CAMPO";"2903508";"Centro Sul Baiano";"Vitória da Conquista";"734"
"BIRITINGA";"2903607";"Nordeste Baiano";"Serrinha";"2053"
"BOA NOVA";"2903706";"Centro Sul Baiano";"Vitória da Conquista";"878"
"BOA VISTA DO TUPIM";"2903805";"Centro Norte Baiano";"Itaberaba";"1509"
"BOM JESUS DA SERRA";"2903953";"Centro Sul Baiano";"Vitória da Conquista";"546"
"BONINAL";"2904001";"Centro Sul Baiano";"Seabra";"40"
"BONITO";"2904050";"Centro Sul Baiano";"Seabra";"824"
"BOTUPORA";"2904209";"Centro Sul Baiano";"Boquira";"355"
"BREJOES";"2904308";"Centro Sul Baiano";"Jequié";"375"
"BREJOLANDIA";"2904407";"Extremo Oeste Baiano";"Cotegipe";"209"
"BROTAS DE MACAUBAS";"2904506";"Centro Sul Baiano";"Boquira";"426"
"BRUMADO";"2904605";"Centro Sul Baiano";"Brumado";"13850"
"BUERAREMA";"2904704";"Sul Baiano";"Ilhéus-Itabuna";"4763"
"CAATIBA";"2904803";"Centro Sul Baiano";"Vitória da Conquista";"127"
"CABACEIRAS DO PARAGUACU";"2904852";"Metropolitana de Salvador";"Santo Antônio de Jesus";"2792"
"CACHOEIRA";"2904902";"Metropolitana de Salvador";"Santo Antônio de Jesus";"5732"
"CACULE";"2905008";"Centro Sul Baiano";"Guanambi";"1533"
"CAEM";"2905107";"Centro Norte Baiano";"Jacobina";"401"
"CAETANOS";"2905156";"Centro Sul Baiano";"Vitória da Conquista";"124"
"CAETITE";"2905206";"Centro Sul Baiano";"Guanambi";"10500"
"CAFARNAUM";"2905305";"Centro Norte Baiano";"Irecê";"2235"
"CAIRU";"2905404";"Sul Baiano";"Valença";"2436"
"CALDAS DE CIPO";"2907905";"Nordeste Baiano";"Ribeira do Pombal";"3123"
"CALDEIRAO GRANDE";"2905503";"Centro Norte Baiano";"Jacobina";"2073"
"CAMACAN";"2905602";"Sul Baiano";"Ilhéus-Itabuna";"5654"
"CAMACARI";"2905701";"Metropolitana de Salvador";"Salvador";"81161"
"CAMAMU";"2905800";"Sul Baiano";"Valença";"3181"
"CAMPO FORMOSO";"2906006";"Centro Norte Baiano";"Senhor do Bonfim";"4224"
"CANAPOLIS";"2906105";"Extremo Oeste Baiano";"Santa Maria da Vitória";"1414"
"CANARANA";"2906204";"Centro Norte Baiano";"Irecê";"7461"
"CANAVIEIRAS";"2906303";"Sul Baiano";"Ilhéus-Itabuna";"3541"
"CANDEAL";"2906402";"Nordeste Baiano";"Serrinha";"855"
"CANDEIAS";"2906501";"Metropolitana de Salvador";"Salvador";"44649"
"CANDIBA";"2906600";"Centro Sul Baiano";"Guanambi";"504"
"CANDIDO SALES";"2906709";"Centro Sul Baiano";"Vitória da Conquista";"2739"
"CANSANCAO";"2906808";"Nordeste Baiano";"Euclides da Cunha";"9950"
"CANUDOS";"2906824";"Nordeste Baiano";"Euclides da Cunha";"2812"
"CAPELA DO ALTO ALEGRE";"2906857";"Nordeste Baiano";"Serrinha";"2236"
"CAPIM GROSSO";"2906873";"Centro Norte Baiano";"Jacobina";"4535"
"CARAIBAS";"2906899";"Centro Sul Baiano";"Brumado";"416"
"CARAVELAS";"2906907";"Sul Baiano";"Porto Seguro";"2356"
"CARDEAL DA SILVA";"2907004";"Nordeste Baiano";"Entre Rios";"2806"
"CASTRO ALVES";"2907301";"Metropolitana de Salvador";"Santo Antônio de Jesus";"7495"
"CATOLANDIA";"2907400";"Extremo Oeste Baiano";"Barreiras";"141"
"CATURAMA";"2907558";"Centro Sul Baiano";"Boquira";"735"
"CENTRAL";"2907608";"Centro Norte Baiano";"Irecê";"5198"
"CHORROCHO";"2907707";"Vale São-Franciscano da Bahia";"Paulo Afonso";"518"
"CICERO DANTAS";"2907806";"Nordeste Baiano";"Ribeira do Pombal";"5624"
"COARACI";"2908002";"Sul Baiano";"Ilhéus-Itabuna";"3514"
"CONCEICAO DA FEIRA";"2908200";"Centro Norte Baiano";"Feira de Santana";"6366"
"CONCEICAO DO ALMEIDA";"2908309";"Metropolitana de Salvador";"Santo Antônio de Jesus";"975"
"CONCEICAO DO COITE";"2908408";"Nordeste Baiano";"Serrinha";"24684"
"CONCEICAO DO JACUIPE";"2908507";"Centro Norte Baiano";"Feira de Santana";"4142"
"CONDE";"2908606";"Nordeste Baiano";"Entre Rios";"4914"
"CONDEUBA";"2908705";"Centro Sul Baiano";"Brumado";"1327"
"CONTENDAS DO SINCORA";"2908804";"Centro Sul Baiano";"Seabra";"243"
"CORACAO DE MARIA";"2908903";"Centro Norte Baiano";"Feira de Santana";"2106"
"CORDEIROS";"2909000";"Centro Sul Baiano";"Brumado";"1428"
"CORONEL JOAO SA";"2909208";"Nordeste Baiano";"Jeremoabo";"1215"
"COTEGIPE";"2909406";"Extremo Oeste Baiano";"Cotegipe";"600"
"CRAVOLANDIA";"2909505";"Centro Sul Baiano";"Jequié";"226"
"CRISOPOLIS";"2909604";"Nordeste Baiano";"Alagoinhas";"658"
"CRISTOPOLIS";"2909703";"Extremo Oeste Baiano";"Cotegipe";"1036"
"CRUZ DAS ALMAS";"2909802";"Metropolitana de Salvador";"Santo Antônio de Jesus";"9703"
"DARIO MEIRA";"2910008";"Centro Sul Baiano";"Vitória da Conquista";"466"
"DIAS DAVILA";"2910057";"Metropolitana de Salvador";"Salvador";"23902"
"DOM MACEDO COSTA";"2910206";"Metropolitana de Salvador";"Santo Antônio de Jesus";"590"
"ELISIO MEDRADO";"2910305";"Centro Norte Baiano";"Feira de Santana";"269"
"ENCRUZILHADA";"2910404";"Centro Sul Baiano";"Itapetinga";"776"
"ENTRE RIOS";"2910503";"Nordeste Baiano";"Entre Rios";"7167"
"ESPLANADA";"2910602";"Nordeste Baiano";"Entre Rios";"3804"
"EUCLIDES DA CUNHA";"2910701";"Nordeste Baiano";"Euclides da Cunha";"14595"
"EUNAPOLIS";"2910727";"Sul Baiano";"Porto Seguro";"19357"
"FATIMA";"2910750";"Nordeste Baiano";"Ribeira do Pombal";"7337"
"FEIRA DE SANTANA";"2910800";"Centro Norte Baiano";"Feira de Santana";"140231"
"FILADELFIA";"2910859";"Centro Norte Baiano";"Senhor do Bonfim";"2700"
"FIRMINO ALVES";"2910909";"Sul Baiano";"Ilhéus-Itabuna";"298"
"FLORESTA AZUL";"2911006";"Sul Baiano";"Ilhéus-Itabuna";"1042"
"FORMOSA DO RIO PRETO";"2911105";"Extremo Oeste Baiano";"Barreiras";"943"
"GANDU";"2911204";"Sul Baiano";"Ilhéus-Itabuna";"6789"
"GAVIAO";"2911253";"Nordeste Baiano";"Serrinha";"573"
"GENTIO DO OURO";"2911303";"Centro Norte Baiano";"Irecê";"185"
"GLORIA";"2911402";"Vale São-Franciscano da Bahia";"Paulo Afonso";"552"
"GONGOGI";"2911501";"Sul Baiano";"Ilhéus-Itabuna";"596"
"GOVERNADOR MANGABEIRA";"2911600";"Metropolitana de Salvador";"Santo Antônio de Jesus";"3567"
"GUAJERU";"2911659";"Centro Sul Baiano";"Brumado";"55"
"GUANAMBI";"2911709";"Centro Sul Baiano";"Guanambi";"20080"
"GUARATINGA";"2911808";"Sul Baiano";"Porto Seguro";"1212"
"HELIOPOLIS";"2911857";"Nordeste Baiano";"Ribeira do Pombal";"994"
"IACU";"2911907";"Centro Norte Baiano";"Itaberaba";"4576"
"IBIASSUCE";"2912004";"Centro Sul Baiano";"Guanambi";"729"
"IBICOARA";"2912202";"Centro Sul Baiano";"Seabra";"26"
"IBICUI";"2912301";"Centro Sul Baiano";"Vitória da Conquista";"1494"
"IBIPEBA";"2912400";"Centro Norte Baiano";"Irecê";"3255"
"IBIPITANGA";"2912509";"Centro Sul Baiano";"Boquira";"81"
"IBIQUERA";"2912608";"Centro Norte Baiano";"Itaberaba";"145"
"IBIRAPITANGA";"2912707";"Sul Baiano";"Ilhéus-Itabuna";"963"
"IBIRAPUA";"2912806";"Sul Baiano";"Porto Seguro";"786"
"IBIRATAIA";"2912905";"Sul Baiano";"Ilhéus-Itabuna";"1937"
"IBITIARA";"2913002";"Centro Sul Baiano";"Boquira";"103"
"IBITITA";"2913101";"Centro Norte Baiano";"Irecê";"3890"
"IBOTIRAMA";"2913200";"Vale São-Franciscano da Bahia";"Barra";"6585"
"ICHU";"2913309";"Nordeste Baiano";"Serrinha";"1602"
"IGRAPIUNA";"2913457";"Sul Baiano";"Valença";"545"
"IGUAI";"2913507";"Centro Sul Baiano";"Vitória da Conquista";"3477"
"ILHEUS";"2913606";"Sul Baiano";"Ilhéus-Itabuna";"40547"
"INHAMBUPE";"2913705";"Nordeste Baiano";"Alagoinhas";"3813"
"IPECAETA";"2913804";"Centro Norte Baiano";"Feira de Santana";"2176"
"IPIAU";"2913903";"Sul Baiano";"Ilhéus-Itabuna";"8689"
"IPIRA";"2914000";"Centro Norte Baiano";"Feira de Santana";"12984"
"IPUPIARA";"2914109";"Centro Sul Baiano";"Boquira";"755"
"IRAJUBA";"2914208";"Centro Sul Baiano";"Jequié";"155"
"IRAMAIA";"2914307";"Centro Sul Baiano";"Jequié";"501"
"IRAQUARA";"2914406";"Centro Norte Baiano";"Irecê";"524"
"IRARA";"2914505";"Centro Norte Baiano";"Feira de Santana";"2118"
"IRECE";"2914604";"Centro Norte Baiano";"Irecê";"23620"
"ITABELA";"2914653";"Sul Baiano";"Porto Seguro";"3229"
"ITABERABA";"2914703";"Centro Norte Baiano";"Itaberaba";"21302"
"ITABUNA";"2914802";"Sul Baiano";"Ilhéus-Itabuna";"13"
"ITACARE";"2914901";"Sul Baiano";"Ilhéus-Itabuna";"4651"
"ITAETE";"2915007";"Centro Sul Baiano";"Seabra";"674"
"ITAGI";"2915106";"Centro Sul Baiano";"Jequié";"756"
"ITAGIBA";"2915205";"Sul Baiano";"Ilhéus-Itabuna";"892"
"ITAGIMIRIM";"2915304";"Sul Baiano";"Porto Seguro";"662"
"ITAGUACU DA BAHIA";"2915353";"Vale São-Franciscano da Bahia";"Barra";"1190"
"ITAJU DO COLONIA";"2915403";"Sul Baiano";"Ilhéus-Itabuna";"670"
"ITAMARAJU";"2915601";"Sul Baiano";"Porto Seguro";"20720"
"ITAMARI";"2915700";"Sul Baiano";"Ilhéus-Itabuna";"191"
"ITAMBE";"2915809";"Centro Sul Baiano";"Itapetinga";"2526"
"ITANAGRA";"2915908";"Metropolitana de Salvador";"Catu";"314"
"ITANHEM";"2916005";"Sul Baiano";"Porto Seguro";"3599"
"ITAPARICA";"2916104";"Metropolitana de Salvador";"Salvador";"10063"
"ITAPE";"2916203";"Sul Baiano";"Ilhéus-Itabuna";"2245"
"ITAPEBI";"2916302";"Sul Baiano";"Ilhéus-Itabuna";"1121"
"ITAPICURU";"2916500";"Nordeste Baiano";"Ribeira do Pombal";"2955"
"ITAPITANGA";"2916609";"Sul Baiano";"Ilhéus-Itabuna";"985"
"ITAQUARA";"2916708";"Centro Sul Baiano";"Jequié";"217"
"ITARANTIM";"2916807";"Centro Sul Baiano";"Itapetinga";"2165"
"ITATIM";"2916856";"Centro Norte Baiano";"Feira de Santana";"4519"
"ITIRUCU";"2916906";"Centro Sul Baiano";"Jequié";"86"
"ITIUBA";"2917003";"Centro Norte Baiano";"Senhor do Bonfim";"5769"
"ITUACU";"2917201";"Centro Sul Baiano";"Brumado";"233"
"ITUBERA";"2917300";"Sul Baiano";"Valença";"2703"
"IUIU";"2917334";"Centro Sul Baiano";"Guanambi";"1613"
"JACARACI";"2917409";"Centro Sul Baiano";"Guanambi";"65"
"JACOBINA";"2917508";"Centro Norte Baiano";"Jacobina";"16718"
"JAGUAQUARA";"2917607";"Centro Sul Baiano";"Jequié";"8166"
"JAGUARARI";"2917706";"Centro Norte Baiano";"Senhor do Bonfim";"2277"
"JAGUARIPE";"2917805";"Metropolitana de Salvador";"Santo Antônio de Jesus";"2401"
"JANDAIRA";"2917904";"Nordeste Baiano";"Entre Rios";"250"
"JEQUIE";"2918001";"Centro Sul Baiano";"Jequié";"59092"
"JEREMOABO";"2918100";"Nordeste Baiano";"Jeremoabo";"4072"
"JIQUIRICA";"2918209";"Centro Sul Baiano";"Jequié";"266"
"JITAUNA";"2918308";"Centro Sul Baiano";"Jequié";"272"
"JOAO DOURADO";"2918357";"Centro Norte Baiano";"Irecê";"2835"
"JUCURUCU";"2918456";"Sul Baiano";"Porto Seguro";"497"
"JUSSARA";"2918506";"Centro Norte Baiano";"Irecê";"3172"
"JUSSIAPE";"2918605";"Centro Sul Baiano";"Seabra";"159"
"LAFAIETE COUTINHO";"2918704";"Centro Sul Baiano";"Jequié";"348"
"LAGOA REAL";"2918753";"Centro Sul Baiano";"Guanambi";"522"
"LAJE";"2918803";"Centro Sul Baiano";"Jequié";"621"
"LAJEDAO";"2918902";"Sul Baiano";"Porto Seguro";"445"
"LAJEDINHO";"2919009";"Centro Norte Baiano";"Itaberaba";"435"
"LAJEDO DO TABOCAL";"2919058";"Centro Sul Baiano";"Jequié";"42"
"LAMARAO";"2919108";"Nordeste Baiano";"Serrinha";"1398"
"LAPAO";"2919157";"Centro Norte Baiano";"Irecê";"3757"
"LAURO DE FREITAS";"2919207";"Metropolitana de Salvador";"Salvador";"37868"
"LENCOIS";"2919306";"Centro Sul Baiano";"Seabra";"1367"
"LICINIO DE ALMEIDA";"2919405";"Centro Sul Baiano";"Guanambi";"41"
"LIVRAMENTO DE NOSSA SENHORA";"2919504";"Centro Sul Baiano";"Livramento do Brumado";"4992"
"LUIZ EDUARDO MAGALHAES";"2919553";"Extremo Oeste Baiano";"Barreiras";"34421"
"MACAJUBA";"2919603";"Centro Norte Baiano";"Itaberaba";"225"
"MACAUBAS";"2919801";"Centro Sul Baiano";"Boquira";"23"
"MADRE DE DEUS";"2919926";"Metropolitana de Salvador";"Salvador";"9868"
"MAETINGA";"2919959";"Centro Sul Baiano";"Brumado";"77"
"MAIQUINIQUE";"2920007";"Centro Sul Baiano";"Itapetinga";"635"
"MAIRI";"2920106";"Centro Norte Baiano";"Itaberaba";"1486"
"MALHADA";"2920205";"Centro Sul Baiano";"Guanambi";"571"
"MALHADA DE PEDRAS";"2920304";"Centro Sul Baiano";"Brumado";"291"
"MANOEL VITORINO";"2920403";"Centro Sul Baiano";"Vitória da Conquista";"643"
"MANSIDAO";"2920452";"Extremo Oeste Baiano";"Cotegipe";"1127"
"MARACAS";"2920502";"Centro Sul Baiano";"Jequié";"1352"
"MARAGOGIPE";"2920601";"Metropolitana de Salvador";"Santo Antônio de Jesus";"5680"
"MARAU";"2920700";"Sul Baiano";"Valença";"267"
"MARCIONILIO SOUZA";"2920809";"Centro Sul Baiano";"Jequié";"482"
"MASCOTE";"2920908";"Sul Baiano";"Ilhéus-Itabuna";"1449"
"MATA DE SAO JOAO";"2921005";"Metropolitana de Salvador";"Catu";"19996"
"MATINA";"2921054";"Centro Sul Baiano";"Guanambi";"278"
"MEDEIROS NETO";"2921104";"Sul Baiano";"Porto Seguro";"1690"
"MIGUEL CALMON";"2921203";"Centro Norte Baiano";"Jacobina";"4177"
"MILAGRES";"2921302";"Centro Sul Baiano";"Jequié";"3395"
"MIRANGABA";"2921401";"Centro Norte Baiano";"Jacobina";"356"
"MIRANTE";"2921450";"Centro Sul Baiano";"Vitória da Conquista";"16"
"MONTE SANTO";"2921500";"Nordeste Baiano";"Euclides da Cunha";"4277"
"MORPARA";"2921609";"Vale São-Franciscano da Bahia";"Barra";"879"
"MORRO DO CHAPEU";"2921708";"Centro Norte Baiano";"Jacobina";"6766"
"MORTUGABA";"2921807";"Centro Sul Baiano";"Guanambi";"91"
"MUCURI";"2922003";"Sul Baiano";"Porto Seguro";"2969"
"MULUNGU DO MORRO";"2922052";"Centro Norte Baiano";"Irecê";"991"
"MUNDO NOVO";"2922102";"Centro Norte Baiano";"Itaberaba";"4244"
"MUNIZ FERREIRA";"2922201";"Metropolitana de Salvador";"Santo Antônio de Jesus";"138"
"MUQUEM DO SAO FRANCISCO";"2922250";"Vale São-Franciscano da Bahia";"Barra";"285"
"MURITIBA";"2922300";"Metropolitana de Salvador";"Santo Antônio de Jesus";"6075"
"MUTUIPE";"2922409";"Centro Sul Baiano";"Jequié";"480"
"NAZARE";"2922508";"Metropolitana de Salvador";"Santo Antônio de Jesus";"5287"
"NILO PECANHA";"2922607";"Sul Baiano";"Valença";"388"
"NORDESTINA";"2922656";"Nordeste Baiano";"Euclides da Cunha";"2280"
"NOVA CANAA";"2922706";"Centro Sul Baiano";"Vitória da Conquista";"691"
"NOVA FATIMA";"2922730";"Nordeste Baiano";"Serrinha";"1479"
"NOVA IBIA";"2922755";"Sul Baiano";"Ilhéus-Itabuna";"662"
"NOVA ITARANA";"2922805";"Centro Sul Baiano";"Jequié";"617"
"NOVA REDENCAO";"2922854";"Centro Sul Baiano";"Seabra";"735"
"NOVA SOURE";"2922904";"Nordeste Baiano";"Ribeira do Pombal";"2498"
"NOVA VICOSA";"2923001";"Sul Baiano";"Porto Seguro";"2418"
"NOVO TRIUNFO";"2923050";"Nordeste Baiano";"Ribeira do Pombal";"535"
"OLINDINA";"2923100";"Nordeste Baiano";"Ribeira do Pombal";"4158"
"OURICANGAS";"2923308";"Centro Norte Baiano";"Feira de Santana";"506"
"OUROLANDIA";"2923357";"Centro Norte Baiano";"Jacobina";"1322"
"PALMAS DE MONTE ALTO";"2923407";"Centro Sul Baiano";"Guanambi";"2578"
"PALMEIRAS";"2923506";"Centro Sul Baiano";"Seabra";"748"
"PARAMIRIM";"2923605";"Centro Sul Baiano";"Livramento do Brumado";"2596"
"PARIPIRANGA";"2923803";"Nordeste Baiano";"Ribeira do Pombal";"4296"
"PAU BRASIL";"2923902";"Sul Baiano";"Ilhéus-Itabuna";"1135"
"PAULO AFONSO";"2924009";"Vale São-Franciscano da Bahia";"Paulo Afonso";"22160"
"PE DE SERRA";"2924058";"Nordeste Baiano";"Serrinha";"1469"
"PEDRAO";"2924108";"Centro Norte Baiano";"Feira de Santana";"192"
"PEDRO ALEXANDRE";"2924207";"Nordeste Baiano";"Jeremoabo";"546"
"PINDAI";"2924504";"Centro Sul Baiano";"Guanambi";"346"
"PINTADAS";"2924652";"Centro Norte Baiano";"Feira de Santana";"687"
"PIRAI DO NORTE";"2924678";"Sul Baiano";"Valença";"652"
"PIRIPA";"2924702";"Centro Sul Baiano";"Brumado";"238"
"PIRITIBA";"2924801";"Centro Norte Baiano";"Jacobina";"4785"
"PLANALTINO";"2924900";"Centro Sul Baiano";"Jequié";"117"
"PLANALTO";"2925006";"Centro Sul Baiano";"Vitória da Conquista";"2472"
"POCOES";"2925105";"Centro Sul Baiano";"Vitória da Conquista";"8392"
"POJUCA";"2925204";"Metropolitana de Salvador";"Catu";"5784"
"PONTO NOVO";"2925253";"Centro Norte Baiano";"Jacobina";"3213"
"PORTO SEGURO";"2925303";"Sul Baiano";"Porto Seguro";"22831"
"POTIRAGUA";"2925402";"Centro Sul Baiano";"Itapetinga";"600"
"PRADO";"2925501";"Sul Baiano";"Porto Seguro";"3945"
"PRESIDENTE DUTRA";"2925600";"Centro Norte Baiano";"Irecê";"4762"
"PRESIDENTE JANIO QUADROS";"2925709";"Centro Sul Baiano";"Brumado";"115"
"PRESIDENTE TANCREDO NEVES";"2925758";"Sul Baiano";"Valença";"4109"
"QUEIMADAS";"2925808";"Nordeste Baiano";"Euclides da Cunha";"4561"
"QUIJINGUE";"2925907";"Nordeste Baiano";"Euclides da Cunha";"5841"
"QUIXABEIRA";"2925931";"Centro Norte Baiano";"Jacobina";"721"
"RAFAEL JAMBEIRO";"2925956";"Centro Norte Baiano";"Feira de Santana";"1577"
"RETIROLANDIA";"2926103";"Nordeste Baiano";"Serrinha";"2207"
"RIACHAO DAS NEVES";"2926202";"Extremo Oeste Baiano";"Barreiras";"1334"
"RIACHAO DO JACUIPE";"2926301";"Nordeste Baiano";"Serrinha";"6922"
"RIBEIRA DO AMPARO";"2926509";"Nordeste Baiano";"Ribeira do Pombal";"272"
"RIBEIRA DO POMBAL";"2926608";"Nordeste Baiano";"Ribeira do Pombal";"13310"
"RIBEIRAO DO LARGO";"2926657";"Centro Sul Baiano";"Itapetinga";"83"
"RIO DE CONTAS";"2926707";"Centro Sul Baiano";"Seabra";"1032"
"RIO DO ANTONIO";"2926806";"Centro Sul Baiano";"Brumado";"230"
"RIO DO PIRES";"2926905";"Centro Sul Baiano";"Livramento do Brumado";"17"
"RIO REAL";"2927002";"Nordeste Baiano";"Alagoinhas";"8117"
"RUY BARBOSA";"2927200";"Centro Norte Baiano";"Itaberaba";"9754"
"SALINAS DA MARGARIDA";"2927309";"Metropolitana de Salvador";"Santo Antônio de Jesus";"3417"
"SALVADOR";"2927408";"Metropolitana de Salvador";"Salvador";"430261"
"SANTA BARBARA";"2927507";"Centro Norte Baiano";"Feira de Santana";"4835"
"SANTA BRIGIDA";"2927606";"Nordeste Baiano";"Jeremoabo";"2601"
"SANTA CRUZ CABRALIA";"2927705";"Sul Baiano";"Porto Seguro";"6158"
"SANTA CRUZ DA VITORIA";"2927804";"Sul Baiano";"Ilhéus-Itabuna";"573"
"SANTA INES";"2927903";"Centro Sul Baiano";"Jequié";"828"
"SANTA LUZIA";"2928059";"Sul Baiano";"Ilhéus-Itabuna";"969"
"SANTA TEREZINHA";"2928505";"Centro Norte Baiano";"Feira de Santana";"2807"
"SANTALUZ";"2928000";"Nordeste Baiano";"Serrinha";"3874"
"SANTANA";"2928208";"Extremo Oeste Baiano";"Santa Maria da Vitória";"5734"
"SANTANOPOLIS";"2928307";"Centro Norte Baiano";"Feira de Santana";"1152"
"SANTO AMARO";"2928604";"Metropolitana de Salvador";"Santo Antônio de Jesus";"18296"
"SANTO ANTONIO DE JESUS";"2928703";"Metropolitana de Salvador";"Santo Antônio de Jesus";"43168"
"SANTO ESTEVAO";"2928802";"Centro Norte Baiano";"Feira de Santana";"11581"
"SAO DESIDERIO";"2928901";"Extremo Oeste Baiano";"Barreiras";"1086"
"SAO DOMINGOS";"2928950";"Nordeste Baiano";"Serrinha";"1453"
"SAO FELIPE";"2929107";"Metropolitana de Salvador";"Santo Antônio de Jesus";"875"
"SAO FELIX";"2929008";"Metropolitana de Salvador";"Santo Antônio de Jesus";"2578"
"SAO FRANCISCO DO CONDE";"2929206";"Metropolitana de Salvador";"Salvador";"25660"
"SAO GABRIEL";"2929255";"Centro Norte Baiano";"Irecê";"3231"
"SAO GONCALO DOS CAMPOS";"2929305";"Centro Norte Baiano";"Feira de Santana";"5464"
"SAO JOSE DA VITORIA";"2929354";"Sul Baiano";"Ilhéus-Itabuna";"9"
"SAO JOSE DO JACUIPE";"2929370";"Centro Norte Baiano";"Jacobina";"636"
"SAO MIGUEL DAS MATAS";"2929404";"Centro Sul Baiano";"Jequié";"320"
"SAO SEBASTIAO DO PASSE";"2929503";"Metropolitana de Salvador";"Catu";"21170"
"SAPEACU";"2929602";"Metropolitana de Salvador";"Santo Antônio de Jesus";"1961"
"SATIRO DIAS";"2929701";"Nordeste Baiano";"Alagoinhas";"1303"
"SAUBARA";"2929750";"Metropolitana de Salvador";"Santo Antônio de Jesus";"9713"
"SAUDE";"2929800";"Centro Norte Baiano";"Jacobina";"1127"
"SEABRA";"2929909";"Centro Sul Baiano";"Seabra";"15957"
"SENHOR DO BONFIM";"2930105";"Centro Norte Baiano";"Senhor do Bonfim";"25989"
"SERRA DOURADA";"2930303";"Extremo Oeste Baiano";"Santa Maria da Vitória";"2156"
"SERRA PRETA";"2930402";"Centro Norte Baiano";"Feira de Santana";"952"
"SERRINHA";"2930501";"Nordeste Baiano";"Serrinha";"25654"
"SERROLANDIA";"2930600";"Centro Norte Baiano";"Jacobina";"2665"
"SIMOES FILHO";"2930709";"Metropolitana de Salvador";"Salvador";"24510"
"SITIO DO QUINTO";"2930766";"Nordeste Baiano";"Jeremoabo";"450"
"SOUTO SOARES";"2930808";"Centro Norte Baiano";"Irecê";"888"
"TABOCAS DO BREJO VELHO";"2930907";"Extremo Oeste Baiano";"Cotegipe";"150"
"TANHACU";"2931004";"Centro Sul Baiano";"Brumado";"1156"
"TANQUE NOVO";"2931053";"Centro Sul Baiano";"Boquira";"1128"
"TANQUINHO";"2931103";"Centro Norte Baiano";"Feira de Santana";"2660"
"TAPIRAMUTA";"2931301";"Centro Norte Baiano";"Itaberaba";"1955"
"TEIXEIRA DE FREITAS";"2931350";"Sul Baiano";"Porto Seguro";"24664"
"TEODORO SAMPAIO";"2931400";"Centro Norte Baiano";"Feira de Santana";"1909"
"TEOFILANDIA";"2931509";"Nordeste Baiano";"Serrinha";"2172"
"TEOLANDIA";"2931608";"Sul Baiano";"Ilhéus-Itabuna";"787"
"TERRA NOVA";"2931707";"Metropolitana de Salvador";"Catu";"1518"
"TREMEDAL";"2931806";"Centro Sul Baiano";"Brumado";"158"
"TUCANO";"2931905";"Nordeste Baiano";"Euclides da Cunha";"6828"
"UAUA";"2932002";"Nordeste Baiano";"Euclides da Cunha";"3425"
"UBAIRA";"2932101";"Centro Sul Baiano";"Jequié";"1053"
"UBAITABA";"2932200";"Sul Baiano";"Ilhéus-Itabuna";"4781"
"UBATA";"2932309";"Sul Baiano";"Ilhéus-Itabuna";"2800"
"UIBAI";"2932408";"Centro Norte Baiano";"Irecê";"3875"
"UMBURANAS";"2932457";"Centro Norte Baiano";"Senhor do Bonfim";"775"
"UNA";"2932507";"Sul Baiano";"Ilhéus-Itabuna";"3529"
"URUCUCA";"2932705";"Sul Baiano";"Ilhéus-Itabuna";"3683"
"UTINGA";"2932804";"Centro Sul Baiano";"Seabra";"2374"
"VALENTE";"2933000";"Nordeste Baiano";"Serrinha";"4469"
"VARZEA DA ROCA";"2933059";"Centro Norte Baiano";"Itaberaba";"1145"
"VARZEA DO POCO";"2933109";"Centro Norte Baiano";"Jacobina";"562"
"VARZEA NOVA";"2933158";"Centro Norte Baiano";"Jacobina";"2552"
"VARZEDO";"2933174";"Metropolitana de Salvador";"Santo Antônio de Jesus";"208"
"VERA CRUZ";"2933208";"Metropolitana de Salvador";"Salvador";"23768"
"VEREDA";"2933257";"Sul Baiano";"Porto Seguro";"284"
"VITORIA DA CONQUISTA";"2933307";"Centro Sul Baiano";"Vitória da Conquista";"100911"
"WAGNER";"2933406";"Centro Sul Baiano";"Seabra";"810"
"WANDERLEY";"2933455";"Extremo Oeste Baiano";"Cotegipe";"291"
"WENCESLAU GUIMARAES";"2933505";"Sul Baiano";"Ilhéus-Itabuna";"2714"
"XIQUE-XIQUE
";"2933604";"Vale São-Franciscano da Bahia";"Barra";"1"
"";"2900108";"Centro Sul Baiano";"Seabra";"1"
"";"2900504";"Centro Sul Baiano";"Livramento do Brumado";"1"
"";"2900702";"Nordeste Baiano";"Alagoinhas";"1"
"";"2902054";"Nordeste Baiano";"Alagoinhas";"1"
"";"2902708";"Vale São-Franciscano da Bahia";"Barra";"1"
"";"2903300";"Sul Baiano";"Ilhéus-Itabuna";"1"
"";"2903904";"Vale São-Franciscano da Bahia";"Bom Jesus da Lapa";"1"
"";"2904100";"Centro Sul Baiano";"Boquira";"1"
"";"2904753";"Vale São-Franciscano da Bahia";"Barra";"1"
"";"2905909";"Vale São-Franciscano da Bahia";"Juazeiro";"1"
"";"2907103";"Vale São-Franciscano da Bahia";"Bom Jesus da Lapa";"1"
"";"2907202";"Vale São-Franciscano da Bahia";"Juazeiro";"1"
"";"2907509";"Metropolitana de Salvador";"Catu";"1"
"";"2908101";"Extremo Oeste Baiano";"Santa Maria da Vitória";"1"
"";"2909109";"Extremo Oeste Baiano";"Santa Maria da Vitória";"1"
"";"2909307";"Extremo Oeste Baiano";"Santa Maria da Vitória";"1"
"";"2909901";"Vale São-Franciscano da Bahia";"Juazeiro";"1"
"";"2910107";"Centro Sul Baiano";"Livramento do Brumado";"1"
"";"2910776";"Vale São-Franciscano da Bahia";"Bom Jesus da Lapa";"1"
"";"2912103";"Sul Baiano";"Ilhéus-Itabuna";"1"
"";"2913408";"Centro Sul Baiano";"Guanambi";"1"
"";"2915502";"Sul Baiano";"Ilhéus-Itabuna";"1"
"";"2916401";"Centro Sul Baiano";"Itapetinga";"1"
"";"2917102";"Centro Sul Baiano";"Itapetinga";"1"
"";"2917359";"Extremo Oeste Baiano";"Santa Maria da Vitória";"1"
"";"2918407";"Vale São-Franciscano da Bahia";"Juazeiro";"1"
"";"2918555";"Sul Baiano";"Ilhéus-Itabuna";"1"
"";"2919702";"Centro Sul Baiano";"Itapetinga";"1"
"";"2919900";"Vale São-Franciscano da Bahia";"Paulo Afonso";"1"
"";"2921906";"Centro Sul Baiano";"Seabra";"1"
"";"2923035";"Centro Sul Baiano";"Boquira";"1"
"";"2923209";"Centro Sul Baiano";"Boquira";"1"
"";"2923704";"Vale São-Franciscano da Bahia";"Bom Jesus da Lapa";"1"
"";"2924306";"Centro Sul Baiano";"Seabra";"1"
"";"2924405";"Vale São-Franciscano da Bahia";"Juazeiro";"1"
"";"2924603";"Centro Norte Baiano";"Senhor do Bonfim";"1"
"";"2926004";"Vale São-Franciscano da Bahia";"Juazeiro";"1"
"";"2926400";"Centro Sul Baiano";"Guanambi";"1"
"";"2927101";"Vale São-Franciscano da Bahia";"Paulo Afonso";"1"
"";"2928109";"Extremo Oeste Baiano";"Santa Maria da Vitória";"1"
"";"2928406";"Extremo Oeste Baiano";"Cotegipe";"1"
"";"2929057";"Extremo Oeste Baiano";"Santa Maria da Vitória";"1"
"";"2930006";"Centro Sul Baiano";"Guanambi";"1"
"";"2930154";"Vale São-Franciscano da Bahia";"Bom Jesus da Lapa";"1"
"";"2930204";"Vale São-Franciscano da Bahia";"Juazeiro";"1"
"";"2930758";"Vale São-Franciscano da Bahia";"Bom Jesus da Lapa";"1"
"";"2930774";"Vale São-Franciscano da Bahia";"Juazeiro";"1"
"";"2931202";"Sul Baiano";"Valença";"1"
"";"2932606";"Centro Sul Baiano";"Guanambi";"1"
"";"2932903";"Sul Baiano";"Valença";"1"
